'Topic TBA','http://math.sustech.edu.cn/hall/11293.html','江松（北京应用物理与计算数学研究所）','2019-6-14','Math','慧园3栋 415报告厅',
'Topic TBA','http://math.sustech.edu.cn/hall/11319.html','程晋（复旦大学）','2019-5-24','Math','慧园3栋 415报告厅',
'Topic TBA','http://math.sustech.edu.cn/hall/11338.html','辛周平（香港中文大学）','2019-5-17','Math','慧园3栋 415报告厅',
'Topic TBA','http://math.sustech.edu.cn/hall/11321.html','张旭','2019-5-10','Math','慧园3栋 415报告厅',
'Topic TBA','http://math.sustech.edu.cn/hall/11341.html','王筱平（香港科技大学）','2019-4-26','Math','慧园3栋 415报告厅',
'Stable Central Limit Theorems for Super Ornstein-Uhlenbeck Processes','http://math.sustech.edu.cn/hall/11330.html','任艳霞（北京大学）','2019-4-19','Math','慧园3栋 415报告厅',
'Systems of Equations for Internal Waves','http://math.sustech.edu.cn/hall/11281.html','Jerry Bona (UIC)','2019-4-12','Math','慧园3栋 415报告厅',
'Discrete fluxes in gauge theory and their duality','http://math.sustech.edu.cn/hall/11340.html','吴思晔（台湾清华大学）','2019-3-29','Math','慧园3栋 415报告厅',
'Direct Sampling Methods for Inverse Problems in an optimization framework','http://math.sustech.edu.cn/hall/11318.html','邹军（香港中文大学）','2019-3-15','Math','慧园3栋 415报告厅',
'From Projection and Contraction methods for Variational Inequalities to Splitting Contraction Methods for Convex Optimization','http://math.sustech.edu.cn/hall/11301.html','何炳生（南科大）','2019-3-1','Math','慧园3栋 415报告厅',
'【Math Department Invited Talk】Multidimentional Gelfand-Levitan-Krein-Marchenko Equations and Big Data ','http://math.sustech.edu.cn/hall/11300.html','Sergey Kabanikhin','2019-2-26','Math','慧园3栋 415报告厅',
'Differential Geometric Approach, Lyapunov Analysis and Passivity: How are they Connected to Nonlinear Adaptive Control with Application to DC Microgrid?','http://math.sustech.edu.cn/hall/11201.html','Wei Lin（凯斯西储大学&哈工大）','2019-1-10','Math','慧园3栋 518报告厅',
'How well can we hear the shape of a drum by computer algorithms?','http://math.sustech.edu.cn/hall/11223.html','Zhimin Zhang（北京计算科学中心）','2019-1-7','Math','慧园3栋 415报告厅',
'中国大气污染的科学度量和标准','http://math.sustech.edu.cn/hall/11219.html','陈松蹊（北京大学光华管理学院）','2018-12-27','Math','慧园3栋 415报告厅',
'Intrinsic Riemannian Functional Data Analysis','http://math.sustech.edu.cn/hall/11131.html','姚方（多伦多大学）','2018-12-21','Math','慧园3栋 415报告厅',
'Statistical Analysis of Parametric and Semiparametric Hidden Markov Models','http://math.sustech.edu.cn/hall/11133.html','宋心远（香港中文大学）','2018-12-21','Math','慧园3栋 415报告厅',
'On the understanding of the Jacobian determinant','http://math.sustech.edu.cn/hall/11066.html','叶东（华东师范大学、Universite de Lorraine）','None','Math','慧园3栋 415报告厅',
'Canonical metrics on reflexive sheaves','http://math.sustech.edu.cn/hall/11176.html','李嘉禹 (中科大)','2018-12-18','Math','慧园3栋 415报告厅',
'Propagation, diffusion and free boundaries','http://math.sustech.edu.cn/hall/11028.html','杜一宏（新英格兰大学）','2018-12-13','Math','慧园3栋 415报告厅',
'Flow by the power of the Gauss curvature','http://math.sustech.edu.cn/hall/11181.html','Ni Lei（加州大学圣地亚哥分校）','2018-12-13','Math','慧园3栋 415报告厅',
'“几何之学”何以感动中国--从《几何原本》的翻译谈起','http://math.sustech.edu.cn/hall/11096.html','纪志刚（上海交大）','2018-12-12','Math','慧园3栋 415报告厅',
'笛卡儿之梦','http://math.sustech.edu.cn/hall/11103.html','李文林（中国科学院数学与系统科学研究院）','2018-12-12','Math','慧园3栋 415报告厅',
'Fluids, walls and vanishing viscosity','http://math.sustech.edu.cn/hall/11132.html','Helena Nussenzveig Lopes（里约热内卢联邦大学）','2018-12-7','Math','慧园3栋 415报告厅',
'Continuum Modeling of Transportation Networks with Differential Equations','http://math.sustech.edu.cn/hall/11092.html','Peter Markowich（阿卜杜拉国王科技大学）','2018-12-6','Math','慧园3栋 415报告厅',
'Factor Models for Asset Returns Based on Transformed Factors','http://math.sustech.edu.cn/hall/11108.html','栗家量（新加坡国立大学）','2018-11-26','Math','慧园3栋 415报告厅',
'Is dispersion a stabilizing or destabilizing mechanism? Landau-damping induced by fast background flows','http://math.sustech.edu.cn/hall/11075.html','Edriss Titi（德克萨斯A&M大学）','2018-11-15','Math','慧园3栋 415报告厅',
'Inverse Scattering Problems in Wave Propagation ','http://math.sustech.edu.cn/hall/11082.html','包刚（浙江大学）','2018-11-8','Math','慧园3栋 415报告厅',
' Well-Behaved Landscape of Phase Retrieval with Optimal Sampling Complexity','http://math.sustech.edu.cn/hall/11067.html','蔡剑锋（香港科技大学）','2018-11-1','Math','慧园3栋 415报告厅',
'What is quantum topology?','http://math.sustech.edu.cn/hall/11086.html','Stavros Garoufalidis（佐治亚理工学院）','2018-11-1','Math','慧园3栋 415报告厅',
'Small is Beautiful: Understanding Complex Meteorological Phenomena in Tropics with Simple Mathematical Models','http://math.sustech.edu.cn/hall/11074.html','Vladimir Zeitlin（索邦大学&巴黎高等师范学校）','2018-10-25','Math','慧园3栋 415报告厅',
'三维并行自适应有限元方法及其在集成电路EDA中的应用','http://math.sustech.edu.cn/hall/11057.html','崔涛（中科院）','2018-10-25','Math','慧园3栋 415报告厅',
'千禧年七大数学难题之一：Navier-Stokes 方程的历史渊源','http://math.sustech.edu.cn/hall/11084.html','徐超江（武汉大学、鲁昂大学）','2018-10-18','Math','一教110',
'Computing Theory of Markov Processes: RG-Factorizations','http://math.sustech.edu.cn/hall/11076.html','李泉林（燕山大学）','2018-10-17','Math','慧园3栋 415报告厅',
'Insurance risk control and optimization:a short review and some recent progress','http://math.sustech.edu.cn/hall/10998.html','郭军义（南开大学）','2018-7-13','Math','慧园3栋 415报告厅',
'A Deep Learning Perspective of Recursive Partitioning Based Methods','http://math.sustech.edu.cn/hall/10946.html','张和平（耶鲁大学）','2018-6-22','Math','慧园3栋 415报告厅',
'Multistate Models for Recurrent Events and Terminal Events','http://math.sustech.edu.cn/hall/11129.html','潘建新（曼彻斯特大学）','2018-6-19','Math','慧园3栋 518报告厅',
'一些含有旋度的非线性方程组','http://math.sustech.edu.cn/hall/10918.html','潘兴斌（华东师范大学）','2018-6-14','Math','慧园3栋 415报告厅',
'Inverse Source Problems for Wave Propagation','http://math.sustech.edu.cn/hall/11130.html','李培军（普渡大学）','2018-6-9','Math','慧园3栋 415报告厅',
'Recent advances on mathematical analysis and simulation of invisibility cloaks with metamaterials','http://math.sustech.edu.cn/hall/11126.html','李继春（内华达大学拉斯维加斯分校）','2018-6-8','Math','慧园3栋 415报告厅',
'Charge Transport in Biological Environments: the Energetic  Variational Approaches','http://math.sustech.edu.cn/hall/11128.html','柳春（伊利诺理工大学）','2018-6-8','Math','慧园3栋 415报告厅',
'Remarks on Osgood conditions','http://math.sustech.edu.cn/hall/11123.html','方诗赞（勃艮第大学）','2018-6-6','Math','慧园3栋 415报告厅',
'Hypergeometric functions over finite fields','http://math.sustech.edu.cn/hall/11127.html','龙玲（路易斯安那州立大学）','2018-6-5','Math','慧园3栋 415报告厅',
'Speeds of coming down from infinity for a class of continuous-state nonlinear branching processes','http://math.sustech.edu.cn/hall/11124.html','周晓文（康考迪亚大学）','2018-5-30','Math','慧园3栋 415报告厅',
'自由流与多孔介质流的耦合与解耦','http://math.sustech.edu.cn/hall/11125.html','王晓明（复旦大学）','2018-5-24','Math','慧园3栋 415报告厅',
'Arithmetic properties of extended binomial coefficients','http://math.sustech.edu.cn/hall/10931.html','Christian Ballot（卡昂大学）','2018-5-17','Math','慧园3栋 415报告厅',
'Quantitative Results in Periodic Homogenization','http://math.sustech.edu.cn/hall/10897.html','Zhongwei Shen（肯塔基大学）','2018-5-16','Math','慧园3栋 415报告厅',
'Physical and numerical dissipations','http://math.sustech.edu.cn/hall/10919.html','茅德康（上海大学）','2018-5-10','Math','慧园3栋 415报告厅',
'高维非齐次守恒律方程的激波、稀疏波及光滑解爆破的充要条件','http://math.sustech.edu.cn/hall/10739.html','杨小舟(中科院武汉所 )','2018-4-26','Math','慧园3栋 415报告厅',
'Some recent progress on the mathematical analysis of the Prandtl boundary layer equation','http://math.sustech.edu.cn/hall/10898.html','徐超江（鲁昂大学）','2018-4-25','Math','慧园3栋 415报告厅',
'From local to global dynamics in competitive systems','http://math.sustech.edu.cn/hall/10909.html','肖冬梅（上海交大）','2018-4-12','Math','慧园3栋 415报告厅',
'Aposteriori error control and adaptivity for Schrodinger equations','http://math.sustech.edu.cn/hall/10881.html','Theodoros Katsaounis（阿卜杜拉国王科技大学&克里特大学）','2018-4-4','Math','慧园3栋 415报告厅',
'Inequalities for eigenvalues of sums of self-adjoint operators and related intersection problems','http://math.sustech.edu.cn/hall/10854.html','Wing Suet Li (佐治亚理工学院)','2018-3-15','Math','慧园3栋 415报告厅',
'Two-level schemes for the advection equation','http://math.sustech.edu.cn/hall/10853.html','Petr N. Vabishchevich（俄罗斯东北联邦大学）','2018-3-8','Math','慧园3栋 415报告厅',
'Backward Stochastic Differential Equations and Optimal Switching Problem with Two-Time-Scale Markov Chains: Weak Convergence and Stock Trading','http://math.sustech.edu.cn/hall/10830.html','吴臻（山东大学）','2018-2-6','Math','慧园3栋 415报告厅',
'Some Developments in Semiparametric Models in Survival Analysis','http://math.sustech.edu.cn/hall/10842.html','周勇（中科院数学与系统科学研究所&上海财经大学）','2018-1-31','Math','慧园3栋 415报告厅',
'Galerkin method for scattering problem of a slit','http://math.sustech.edu.cn/hall/10828.html','马富明（吉林大学）','2018-1-15','Math','慧园3栋 415报告厅',
'Efficient and accurate numerical methods for solving fractional PDEs','http://math.sustech.edu.cn/hall/10813.html','Jie Shen(普渡大学 & 厦门大学)','2018-1-11','Math','慧园3栋 415报告厅',
' Asymptotic behavior of principal eigenvalue for linear second order elliptic operators','http://math.sustech.edu.cn/hall/10722.html','楼元教授(Ohio State University/ 人民大学)','2017-12-19','Math','慧园3栋 415报告厅',
'分枝过程的随机方程','http://math.sustech.edu.cn/hall/10768.html','李增沪（北京师范大学）','2017-12-14','Math','慧园3栋 415报告厅',
'Discovery, Design and Analysis of Multidrug Combinations: Big Data, Systems and  Experiments','http://math.sustech.edu.cn/hall/10763.html','谭铭(乔治城大学)','2017-12-14','Math','慧园3栋 415报告厅',
'Computational methods for the dynamics of the nonlinear Schroedinger/Gross-Pitaevskii equations ','http://math.sustech.edu.cn/hall/10762.html','包维柱(新加坡国立大学)','2017-12-13','Math','慧园3栋 415报告厅',
'Fully nonlinear equations and complex geometry','http://math.sustech.edu.cn/hall/10749.html','田刚（北京大学）','2017-12-3','Math','慧园2栋 201报告厅',
'混合型方程与高速飞行','http://math.sustech.edu.cn/hall/10748.html','陈恕行（复旦大学）','2017-11-29','Math','慧园3栋 415报告厅',
'Regression analysis of networked data','http://math.sustech.edu.cn/hall/10723.html','Peter Song (University of Michigan Ann Arbor)','2017-11-20','Math','慧园3栋 415报告厅',
'球面的微分结构与稳定同伦论','http://math.sustech.edu.cn/hall/10667.html','王国祯(上海数学中心)','2017-11-9','Math','慧园3栋 415报告厅',
'The universe in a computer: how mathematical and   numerical methods are essential','http://math.sustech.edu.cn/hall/10653.html','Christian Klingenberg(University of Würzburg, Germany)','2017-11-2','Math','慧园3栋 415报告厅',
'生物医学大数据挖掘的机器学习方法','http://math.sustech.edu.cn/hall/10645.html','戴道清(中山大学)','2017-9-12','Math','慧园3栋 415报告厅',
'分形漫谈——关于自然界的一种新的几何学 ','http://math.sustech.edu.cn/hall/10637.html','吴敏教授(华南理工大学)','2017-9-7','Math','慧园3栋 415报告厅',
'On global existence of solutions of stochastic reaction equations','http://math.sustech.edu.cn/hall/10636.html','张土生教授(英国曼彻斯特大学)','2017-9-7','Math','慧园3栋 415报告厅',
'（八卦与调侃） “浅谈华罗庚与Weil的学术风格“ ','http://math.sustech.edu.cn/hall/10635.html','张寿武教授(普林斯顿大学)','2017-9-6','Math','慧园3栋 415报告厅',
'Approximating infinite systems by finite ones','http://math.sustech.edu.cn/hall/10581.html','Dr.Yiqiang Q. Zhao 博士  Carleton Univers','2017-7-26','Math','慧园3栋415报告厅',
' Bank monitoring incentives under moral hazard and  adverse selection','http://math.sustech.edu.cn/hall/10535.html','Prof. Chao Zhou ','2017-7-14','Math','慧园3栋415报告厅',
'Numerical Methods for Hyperbolic Systems of PDEs with Uncertainties','http://math.sustech.edu.cn/hall/10522.html','Prof. Alina Chertock    ','2017-7-11','Math','慧园3栋415报告厅',
'Stochastic Algorithms for Electromagnetic Problems of Nano-Structures','http://math.sustech.edu.cn/hall/10523.html','Prof. Wei Cai','2017-7-10','Math','慧园3栋415报告厅',
'Graph Cut, Convex Relaxation and Continuous Max-flow methods for image processing and computer vision','http://math.sustech.edu.cn/hall/10473.html','台雪成教授  香港浸会大学','2017-6-29','Math','慧园3栋415报告厅',
'Applications of Linear Algebraic Methods in Combinatorics and Finite Geometry','http://math.sustech.edu.cn/hall/10430.html','向青教授  美国特拉华大学  ','2017-6-27','Math','慧园3栋415报告厅',
'Statistical Challenges, Opportunities,  and Strategies in Large-Scale Medical Studies','http://math.sustech.edu.cn/hall/10421.html','朱宏图教授 University of Texas, MD Anderson Cancer Center','2017-6-15','Math','慧园3栋415报告厅',
'Stabile or Unstable? Games with Modified Eikonal Splitting Schemes for Paraxial Helmholtz Equations Modeling Light Beam Propagations','http://math.sustech.edu.cn/hall/10373.html','Qin Sheng(贝勒大学)','2017-6-8','Math','慧园3栋415报告厅',
'A survey on the stability of fluids','http://math.sustech.edu.cn/hall/10382.html','丁时进(华南师范大学)','2017-5-31','Math','科教服务中心706',
'Dragon-Kings: the nature of extreme crises, statistical tools, generating mechanisms, prediction and control','http://math.sustech.edu.cn/hall/10409.html','Didier Sornette, Swiss Federal Institute of Technology Zurich ','2017-5-26','Math','图书馆110报告厅',
'A general framework for high accuracy solutions to energy gradient flows from  material science models','http://math.sustech.edu.cn/hall/10327.html','Brian Wetton(英属哥伦比亚大学)','2017-5-25','Math','科教服务中心706',
'Certain Issues in Multiscale Models and Methods in Solids ','http://math.sustech.edu.cn/hall/10414.html','明平兵研究员（中国科学院数学与系统科学研究院）','2017-5-24','Math','科教服务中心706',
'Effective boundary conditions for MD simulations','http://math.sustech.edu.cn/hall/10417.html','杨志坚教授 武汉大学数学与统计学院','2017-5-24','Math','科教服务中心706',
'Stochastic Analysis and Geometric Applications','http://math.sustech.edu.cn/hall/10416.html','徐佩（美国西北大学）','2017-5-19','Math','科教服务中心706',
'Can Mathematics Solve Mysteries in Literature?','http://math.sustech.edu.cn/hall/10411.html','汪洋（香港科技大学 ）','2017-5-18','Math','科教服务中心706',
'The Ricci Flow and Its Geometric Applications ','http://math.sustech.edu.cn/hall/10401.html','朱熹平(中山大学)','2017-5-17','Math','科教服务中心706',
'Some Recent Research on Dependence in Actuarial Science','http://math.sustech.edu.cn/hall/10372.html','袁锦泉(香港大学)','2017-5-15','Math','科教服务中心706',
'Fisher 信息: 从经典到量子','http://math.sustech.edu.cn/hall/10407.html','骆顺龙（中国科学院数学与系统科学研究院）','2017-5-12','Math','科教服务中心706',
'Adaptive Fourier Decompositions and Applications','http://math.sustech.edu.cn/hall/10381.html','钱涛(中山大学)','2017-5-11','Math','科教服务中心706',
'Surrogate Residuals: A Little Thing to Pick up','http://math.sustech.edu.cn/hall/10395.html','张和平','2017-5-8','Math','科教服务中心706',
'A scalable nonparametric specification testing in massive data','http://math.sustech.edu.cn/hall/10391.html','王兆军(南开大学)','2017-5-6','Math','科教服务中心706',
'Semiparametric monitoring test based on clustered data','http://math.sustech.edu.cn/hall/10397.html','陈家骅教授(云南大学数学与统计学院)','2017-5-5','Math','科教服务中心706',
'Optimal Investment Strategy for a DC Pension Member with Loss Aversion, Inflation Risk and Minimum Performance Constraint','http://math.sustech.edu.cn/hall/10402.html','李仲飞教授  中山大学管理学院教授','2017-5-4','Math','科教服务中心706',
'The AVaR optimization problems for semi-Markov decision processes','http://math.sustech.edu.cn/hall/10377.html','郭先平(中山大学)','2017-4-26','Math','科教服务中心706',
'Smooth Transonic Flows of Meyer Type in De Laval Nozzles','http://math.sustech.edu.cn/hall/10393.html','王春朋(吉林大学)','2017-4-24','Math','科教服务中心706',
'从数据到结论','http://math.sustech.edu.cn/hall/10389.html','崔恒建(首都师范大学)','2017-4-20','Math','科教服务中心706',
'Mathematics in physiology and medicine: neurological diseases','http://math.sustech.edu.cn/hall/10328.html','Eleuterio F. Toro(特伦托大学)','2017-4-20','Math','科教服务中心706',
'事件史混合迴歸模型及其在流行病學研究之應用','http://math.sustech.edu.cn/hall/10388.html','陳珍信(台湾中央研究院)','2017-4-19','Math','科教服务中心706',
'因果推断与因果网络','http://math.sustech.edu.cn/hall/10387.html','耿直(北京大学)','2017-4-19','Math','科教服务中心706',
'Strong Independence Screening Adjusted for Confounding Covariates with Ultrahigh Dimensional Data ','http://math.sustech.edu.cn/hall/10375.html','王学钦(中山大学)','2017-4-18','Math','科教服务中心706',
'Joint mean-covariance modelling and its R package: jmcm','http://math.sustech.edu.cn/hall/10378.html','潘建新(曼彻斯特大学)','2017-4-18','Math','科教服务中心706',
'Empirical likelihood for single-index models with responses missing at random','http://math.sustech.edu.cn/hall/10386.html','薛留根(北京工业大学)','2017-4-17','Math','科教服务中心706',
'Poisson空间上的微分分析','http://math.sustech.edu.cn/hall/10359.html','任佳刚(中山大学)','2017-4-12','Math','科教服务中心706',
'统计学和大数据的魅力','http://math.sustech.edu.cn/hall/10333.html','方开泰(北京师范大学-香港浸会大学联合国际学院)','2017-4-10','Math','科教服务中心706',
'On Imaging Models Based on Fractional Order Derivatives Regularizer And Their Fast Algorithms','http://math.sustech.edu.cn/hall/10376.html','陈柯(利物浦大学)','2017-4-7','Math','科教服务中心706',
'Locally Complicated Spaces','http://math.sustech.edu.cn/hall/10371.html','Greg Conner(杨百翰大学)','2017-4-5','Math','科教服务中心706',
'Model-Free Option Prices','http://math.sustech.edu.cn/hall/10334.html','张国平(国立清华大学)','2017-3-31','Math','科教服务中心706',
'GROUP STRUCTURE DETECTION FOR HIGH DIMENSIONAL PANEL DATA MODEL','http://math.sustech.edu.cn/hall/10370.html','朱仲义(复旦大学)','2017-3-30','Math','科教服务中心706',
'On Cumulative Slicing Estimation in High Dimensions','http://math.sustech.edu.cn/hall/10365.html','朱利平(中国人民大学)','2017-3-23','Math','科教服务中心706',
'LPRE criterion based estimating equation approaches for the error-in-covariables multiplicative regression models','http://math.sustech.edu.cn/hall/10364.html','王启华(中科院数学与系统科学研究院)','2017-3-23','Math','科教服务中心706',
'Modeling rare events in complex systems','http://math.sustech.edu.cn/hall/10329.html','任维清(新加坡国立大学)','2017-3-17','Math','科教服务中心706',
'An introduction to the hybridizable discontinuous Galerkin methods','http://math.sustech.edu.cn/hall/10230.html','Bernardo Cockburn(明尼苏达大学)','2017-3-16','Math','科教服务中心706',
'On the Heat Equation','http://math.sustech.edu.cn/hall/10234.html','尹景学(华南师范大学)','2017-3-1','Math','科教服务中心706',
'随机分析漫谈','http://math.sustech.edu.cn/hall/10232.html','李向东(中国科学院)','2017-2-22','Math','科教服务中心706',
'Interaction Dynamics of Singular Wave Fronts Computed by Particle Methods','http://math.sustech.edu.cn/hall/10228.html','Prof. Alina Chertock(北卡罗来纳州立大学)','2017-2-16','Math','科教服务中心706',
'Projection-based outlier detection in functional data','http://math.sustech.edu.cn/hall/10208.html','邹长亮(南开大学)','2017-1-12','Math','科教服务中心706',
'精算科学与精算师','http://math.sustech.edu.cn/hall/10472.html','李婧超博士，深圳大学数学与统计学院讲师','2016-12-28','Math','第一教学楼406教室',
'Continuous-time Markov decision processes and pure jump processes','http://math.sustech.edu.cn/hall/10199.html','Dr. Yi Zhang(利物浦大学)','2016-12-26','Math','科教服务中心706',
'Sparse Inference with Dependent Hypotheses','http://math.sustech.edu.cn/hall/10193.html','张春明(威斯康星大学)','2016-12-23','Math','科教服务中心706',
'Extreme Value Analytics for Big data in Finance','http://math.sustech.edu.cn/hall/10192.html','张正军(威斯康星大学)','2016-12-23','Math','科教服务中心706',
'混沌动力系统和复动力系统的介绍','http://math.sustech.edu.cn/hall/10194.html','蒋云平(纽约市立大学)','2016-12-23','Math','科教服务中心706',
'General Hardy-type Inequalities and f-Ergodicity of Markov Processes','http://math.sustech.edu.cn/hall/10471.html','中山大学副研究员 廖仲威','2016-12-19','Math','科教服务中心803',
'A Dynamic Structure for High Dimensional Covariance Matrices and Its Application in Portfolio Allocation','http://math.sustech.edu.cn/hall/10470.html','张文扬教授，英国约克大学数学系教授','2016-12-17','Math','科教服务中心703',
'Complexity bounds for first and second-order optimality of Algorithm NSC','http://math.sustech.edu.cn/hall/10179.html','Prof Jinyun Yuan(Universidade Federal do Paraná)','2016-12-15','Math','Conference Room 706, Service Center of Scientific Research and Teaching',
'谈谈手性——拓扑学与化学结缘','http://math.sustech.edu.cn/hall/10152.html','姜伯驹(中国科学院)','2016-12-8','Math','科教服务中心706',
'Ground State Patterns and Phase Transitions of Spin-1 Bose-Einstein Condensates, Numerics and Analysis','http://math.sustech.edu.cn/hall/10151.html','陈宜良(国立台湾大学)','2016-12-7','Math','科教服务中心706',
'Some researches to Stochastic KPP and Novikov equations','http://math.sustech.edu.cn/hall/10150.html','刘正荣(华南理工大学)','2016-12-6','Math','科教服务中心706',
'Global classical solutions to compressible Navier-Stokes equations with vacuum','http://math.sustech.edu.cn/hall/10149.html','朱长江','2016-12-6','Math','科教服务中心706',
'宏观形势，资本市场与海外投资','http://math.sustech.edu.cn/hall/10148.html','祁斌(中国投资责任有限公司)','2016-12-5','Math','图书馆110报告厅',
'医保费用测算及监控','http://math.sustech.edu.cn/hall/10156.html','林华珍(西南财经大学)','2016-12-5','Math','科教服务中心706',
'统计学在数据科学中的身份定位','http://math.sustech.edu.cn/hall/10108.html','朱力行(香港浸会大学)','2016-12-1','Math','科教服务中心706',
'数学大讲堂:由边界几何形状推动的 Navier-Stokes方程螺旋对称解的存在、吸引子Hausdorff 维数估计和流动分歧问题','http://math.sustech.edu.cn/hall/10098.html','李开泰(西安交通大学)','2016-11-28','Math','科教服务中心706',
'Nonparametric Overdose Control for Dose Finding in Drug-Combination Trials','http://math.sustech.edu.cn/hall/10259.html','尹国圣(香港大学)','2016-11-25','Math','科教服务中心706',
'Designing high-dimensional integration rules','http://math.sustech.edu.cn/hall/10258.html','Prof. Ian Sloan(University of New South Wales)','2016-11-23','Math','科教服务中心706',
'On some models for multivariate realized volatility','http://math.sustech.edu.cn/hall/10257.html','Wai Keung LI(香港大学)','2016-11-22','Math','科教服务中心706',
'一类偏微分方程的反问题——从击鼓辨音开始谈起','http://math.sustech.edu.cn/hall/10256.html','陈化(武汉大学)','2016-11-18','Math','科教服务中心706',
'Image restoration in ground-based astronomy ','http://math.sustech.edu.cn/hall/10254.html','Raymond H. Chan(香港中文大学)','2016-11-16','Math','科教服务中心706',
'A Data-Driven Approach to Computational Science','http://math.sustech.edu.cn/hall/10255.html','Prof. Nicholas Zabaras(圣母大学)','2016-11-14','Math','科教服务中心706',
'Community Detection for Sparse Networks','http://math.sustech.edu.cn/hall/10253.html','Prof. Bing-Yi JING(香港科技大学)','2016-11-7','Math','科教服务中心706',
'On Multi-Dimensional Compressible Navier-Stokes Systems','http://math.sustech.edu.cn/hall/10252.html','Prof. Zhouping Xin(香港中文大学)','2016-11-2','Math','科教服务中心706',
'Robust Subgroup Analysis in Clinical Trials and Precision Medicine','http://math.sustech.edu.cn/hall/10315.html','谭铭(乔治城大学)','2016-10-28','Math','科教服务中心706',
'On the optimization problems with continuity-type objective functions','http://math.sustech.edu.cn/hall/10314.html','梁治安(上海财经大学)','2016-10-24','Math','科教服务中心706',
'On Ensemble and Particle Filters for Large-Scale Data Assimilation and Inverse Problems','http://math.sustech.edu.cn/hall/84.html','Roland Potthast(DWD/BMVI & University of Reading)','2016-10-21','Math','科教服务中心706',
'Mathematics of Flames','http://math.sustech.edu.cn/hall/83.html','Claude-Michel Brauner(City University of Hong Kong)','2016-10-19','Math','科教服务中心706',
'Stretching of a highly viscous thread with temperature-dependent viscosity and surface tension','http://math.sustech.edu.cn/hall/10466.html','Dongdong He, School of Aerospace Engineering and Applied Mechanics, Tongji University','2016-10-5','Math','科教服务中心706',
'Finite Element Methods with Penalty','http://math.sustech.edu.cn/hall/10469.html','武海军，南京大学教授','2016-9-21','Math','科教服务中心706',
'粘性依赖于密度的流体力学模型的研究','http://math.sustech.edu.cn/hall/10468.html','姚正安教授，中山大学','2016-9-12','Math','科教服务中心706',
'"Operator splitting optimization methods and total variation regularized model "','http://math.sustech.edu.cn/hall/10467.html','田文义博士，天津大学','2016-9-8','Math','科教服务中心706',
'Vesicle electrohydrodynamic simulations by coupling immersed boundary and immersed interface method','http://math.sustech.edu.cn/hall/176.html','赖明治(国立交通大学)','2016-8-29','Math','科教服务中心706',
'南科大讲堂：素数间的小间距','http://math.sustech.edu.cn/hall/80.html','张益唐','2016-7-12','Math','图书馆110报告厅',
'Critical angles of approximation methods for boundary integral equations on contours with corners','http://math.sustech.edu.cn/hall/82.html','Victor Didenko(Universiti Brunei Darussalam)','2016-7-6','Math','科教服务中心706',
'Supercomputer Applications with Focus on Modeling of Platelet Dynamics','http://math.sustech.edu.cn/hall/86.html','Yuefan Deng(Stony Brook University)','2016-7-1','Math','科教服务中心706',
'Geometric Stopping of a Random Walk and Its Applications to Valuing Equity-linked Death Benefits','http://math.sustech.edu.cn/hall/87.html','Hailiang Yang(The University of Hong Kong)','2016-6-30','Math','科教服务中心706',
'数学大讲堂：Vortices in Classical and Superfluids','http://math.sustech.edu.cn/hall/91.html','林芳华','2016-6-22','Math','科教服务中心706',
'An Adaptive Simulation Approach for Pricing Financial Options','http://math.sustech.edu.cn/hall/93.html','邓世杰(北京师范大学)','2016-6-8','Math','科教服务中心706',
'数学大讲堂：带切换扩散过程的稳定性与遍历性','http://math.sustech.edu.cn/hall/92.html','邵井海(北京师范大学)','2016-6-8','Math','科教服务中心706',
'数学大讲堂：High order numerical methods for convection dominated problems','http://math.sustech.edu.cn/hall/98.html','Chi-Wang Shu(Brown University)','2016-6-3','Math','科教服务中心706',
'数学大讲堂：Model-free feature screening approaches with missing response at random','http://math.sustech.edu.cn/hall/99.html','王启华(中国科学院)','2016-6-1','Math','科教服务中心706',
'数学大讲堂：Symmetries of Solutions to Nonlinear PDEs','http://math.sustech.edu.cn/hall/100.html','桂长峰(University of Texas at San Antonion)','2016-5-27','Math','科教服务中心706',
'数学大讲堂：A potential theory based Cartesian grid method for elliptic PDEs','http://math.sustech.edu.cn/hall/173.html','应文俊(Shanghai Jiao Tong University)','2016-5-26','Math','科教服务中心706',
'数学大讲堂：动力系统和算子谱理论','http://math.sustech.edu.cn/hall/101.html','尤建功(南京大学)','2016-5-25','Math','科教服务中心706',
'Composite Lq (0','http://math.sustech.edu.cn/hall/10465.html','刘亚锋 Assistant Professor, Academy of Mathematics and Systems Science, Chinese Academy of Sciences','2016-5-20','Math','科教服务中心706',
'MATLAB机器学习和深度学习','http://math.sustech.edu.cn/hall/10464.html','卓金武先生, MathWorks中国科学计算业务总监','2016-5-18','Math','图书馆110报告厅',
'工程驱动分析的崛起','http://math.sustech.edu.cn/hall/10463.html','Mr. Jim Tung, MathWorks首席战略师','2016-5-18','Math','图书馆110报告厅',
'数学大讲堂：玻尔兹曼方程矩系统的正则化技术','http://math.sustech.edu.cn/hall/103.html','李若(北京大学)','2016-5-18','Math','科教服务中心706',
'数学大讲堂：Inverse Scattering Problems Without the Phase Information','http://math.sustech.edu.cn/hall/106.html','Michael V. Klibanov(University of North Carolina at Charlotte)','2016-5-17','Math','一教301',
'数学大讲堂：Numerical Analysis and Simulation for Multi-physics Problems','http://math.sustech.edu.cn/hall/107.html','许进超','2016-5-16','Math','科教服务中心706',
'基于K近邻相对密度的聚类方法','http://math.sustech.edu.cn/hall/10462.html','李清勇教授, 北京交通大学计算机与信息技术学院','2016-5-13','Math','一教303',
'数学大讲堂：High-Order Accurate Physical-Constraints-Preserving Schemes for Special Relativistic Hydrodyna','http://math.sustech.edu.cn/hall/108.html','汤华中(Peking University)','2016-5-13','Math','科教服务中心706',
' Discreteness of interior transmission eigenvalues','http://math.sustech.edu.cn/hall/10461.html','李晓菲博士，韩国仁荷大学','2016-5-5','Math','科研教学服务中心706 ',
'Continuous states q-processes and applications in the study of coalescent with recombination','http://math.sustech.edu.cn/hall/10460.html','Dr. Xian Chen（陈娴）, Peking University','2016-4-22','Math','科研教学服务中心703 ',
'数学大讲堂：Modeling and Computation for Dielectric Effects in Soft Matter Systems','http://math.sustech.edu.cn/hall/111.html','徐振礼(上海交通大学)','2016-4-22','Math','科教服务中心706',
'南科大讲堂：发扬二弹一星精神，促进我国高科技发展','http://math.sustech.edu.cn/hall/113.html','郭柏林(北京应用物理与计算数学研究所)','2016-4-21','Math','图书馆110报告厅',
'数学大讲堂： Financial Modeling: A Quantum Approach','http://math.sustech.edu.cn/hall/114.html','Belal E. Baaquie(National University of Singapore)','2016-4-19','Math','科教服务中心706',
'量化投资与对冲基金新时代','http://math.sustech.edu.cn/hall/10459.html','丁鹏博士，中国量化投资学会理事长','2016-4-13','Math','图书馆110报告厅',
'数学大讲堂：A Free Boundary Problem and its Traveling wave For Credit Rating Migration','http://math.sustech.edu.cn/hall/119.html','梁进(同济大学)','2016-4-8','Math','科教服务中心706',
'数学大讲堂：Path to the Oracle Estimator — A Dynamic Approach to Sparse Recovery','http://math.sustech.edu.cn/hall/120.html','姚远(北京大学)','2016-4-7','Math','科教服务中心706',
'南科大讲堂：从瞎子爬山到最优化方法','http://math.sustech.edu.cn/hall/121.html','袁亚湘院士(中国科学院)','2016-4-6','Math','图书馆110报告厅',
'数学大讲堂：One kind of approximation methods to nonlinear multiobjective programs ','http://math.sustech.edu.cn/hall/122.html','梁治安(上海财经大学)','2016-4-5','Math','科教服务中心706',
'数学大讲堂：数据降维与结构降维','http://math.sustech.edu.cn/hall/124.html','郭建华(东北师范大学)','2016-3-28','Math','科教服务中心706',
'南科大讲堂：庞加莱猜想与几何','http://math.sustech.edu.cn/hall/129.html','田刚院士(中国科学院)','2016-3-17','Math','图书馆110报告厅',
'人类为什么会发明数学','http://math.sustech.edu.cn/hall/132.html','黎景辉(首都师范大学)','2016-3-9','Math','图书馆111报告厅',
'数学建模讲座：MATLAB在数学建模中的应用','http://math.sustech.edu.cn/hall/133.html','卓金武(Math Works 中国)','2016-3-8','Math','一教301',
'数学大讲堂：Equity-Credit Modeling for Contingent Convertibles','http://math.sustech.edu.cn/hall/135.html','郭宇权(香港科技大学)','2016-3-4','Math','科教服务中心706',
'南科大讲堂：统计学者的工作及风范：灵感、抱负、雄心','http://math.sustech.edu.cn/hall/138.html','吴建福(美国国家工程院)','2016-2-26','Math','图书馆110报告厅',
'数学大讲堂：Symmetrical embeddings of graphs in surfaces','http://math.sustech.edu.cn/hall/141.html','李才恒(西澳大学)','2016-2-18','Math','科教服务中心706',
'数学大讲堂：网络结构数据与互联网征信','http://math.sustech.edu.cn/hall/142.html','王汉生(北京大学)','2016-1-15','Math','科教服务中心（数学系）706',
'数学大讲堂：An efficient threshold dynamics method for wetting on rough surfaces','http://math.sustech.edu.cn/hall/143.html','Prof. Wang Xiaoping (香港科技大学)','2016-1-13','Math','科教服务中心703',
'Lawson Conjecture and Pinkall-Sterling Conjecture','http://math.sustech.edu.cn/hall/144.html','李海中(清华大学)','2016-1-5','Math','科研教学服务中心703',
'Medical and financial applications of self-exciting processes','http://math.sustech.edu.cn/hall/145.html','Prof. Chen Kani(香港科技大学)','2015-12-31','Math','科教服务中心7楼703',
'Hypercontractivity for degenerate diffusion semigroups','http://math.sustech.edu.cn/hall/146.html','王凤雨(北京师范大学)','2015-12-30','Math','科教服务中心703',
'Examining how natural selection and genetic linkage shape genome evolution','http://math.sustech.edu.cn/hall/147.html','Prof. Kai Zeng (University of Sheffield)','2015-12-28','Math','科研教学服务中心703',
'南科大讲堂：反问题与哈利波特的隐形衣','http://math.sustech.edu.cn/hall/148.html','Gunther Uhlmann(美国艺术与科学院)','2015-12-18','Math','第一教学楼306',
'数学建模与创新创业实践','http://math.sustech.edu.cn/hall/10455.html','张元标博士，暨南大学','2015-12-18','Math','一教401',
'从万有引力定律的发现到航天动力学的发展','http://math.sustech.edu.cn/hall/150.html','孙义燧(中国科学院)','2015-12-16','Math','图书馆报告厅110',
'金融数学与精算学','http://math.sustech.edu.cn/hall/151.html','吴岚(北京大学)','2015-12-14','Math','第一教学楼108',
'Asymptotic Solutions of Eigenmodes in Slab Optical Waveguides','http://math.sustech.edu.cn/hall/10454.html','朱建新教授，浙江大学数学科学学院','2015-12-13','Math','科教中心703',
'数学建模与科学计算','http://math.sustech.edu.cn/hall/10453.html','朱建新教授，浙江大学数学科学学院','2015-12-12','Math','一教406',
'A concave pairwise fusion approach to subgroup analysis','http://math.sustech.edu.cn/hall/10458.html','黄坚教授，上海财经大学（千人计划）','2015-12-11','Math','科研教学服务中心706 ',
'大数据环境下的金融风险度量','http://math.sustech.edu.cn/hall/152.html','徐承龙(同济大学)','2015-12-11','Math','科教服务中心703',
'Index theory for symplectic matrix paths and closed geodesics on compact simply connected Finsler ma','http://math.sustech.edu.cn/hall/153.html','龙以明 (南开大学)','2015-12-9','Math','第一教学楼405',
'从一个几何公式谈扭转、绞拧及基因、藤蔓、太阳喷发','http://math.sustech.edu.cn/hall/154.html','姜伯驹 (中国科学院)','2015-12-7','Math','图书馆报告厅',
'Guarantees of Riemannian Optimization for Low Rank Matrix Recovery','http://math.sustech.edu.cn/hall/10457.html','蔡剑锋副教授，香港科技大学数学系','2015-12-7','Math','科研教学服务中心703 ',
'大数据时代之数学角色','http://math.sustech.edu.cn/hall/10456.html','彭立中教授，北京大学','2015-12-4','Math','一教401',
'数论和密码','http://math.sustech.edu.cn/hall/155.html','冯克勤 (清华大学)','2015-12-1','Math','一教506',
'Population genetic models of dispersal and spatially varying selection','http://math.sustech.edu.cn/hall/157.html','Reinhard Bürger(University of Vienna)','2015-11-30','Math','第一教学楼303教室',
'Multiphase flow in porous media from theory to numerics and uncertainty quantification','http://math.sustech.edu.cn/hall/156.html','Prof. Rolf Jeltsch(苏黎世联邦理工学院)','2015-11-30','Math','第一科研楼109报告厅',
'浅谈反应扩散方程','http://math.sustech.edu.cn/hall/158.html','倪维明 (明尼苏达大学)','2015-11-24','Math','第一教学楼301',
'金融危机与金融数学','http://math.sustech.edu.cn/hall/159.html','陈增敬(山东大学)','2015-11-23','Math','第一教学楼401',
'My conjecture on why Bayes withheld his Essay','http://math.sustech.edu.cn/hall/160.html','Prof. Kai Wang NG(香港大学)','2015-11-19','Math','教学科研服务中心703',
'Asymptotic Solutions of Eigenmodes in Slab Optical Waveguides','http://math.sustech.edu.cn/hall/161.html','朱建新(浙江大学)','2015-11-13','Math','科研教学服务中心703',
'On estimation of the noise variance in high-dimensional probabilistic principal component analysis','http://math.sustech.edu.cn/hall/162.html','Prof.Jeff Yao(香港大学)','2015-11-11','Math','科研教学服务中心703',
'Computational methods for sparsity promoting in imaging science','http://math.sustech.edu.cn/hall/163.html','张小群(上海交通大学)','2015-11-2','Math','科研教学服务中心703',
'Transformation optics cloaking and singular metamaterials','http://math.sustech.edu.cn/hall/10452.html','刘宏宇，香港浸会大学副教授','2015-10-30','Math','科研教学服务中心703 ',
'Classification of solutions for polyharmonic equations and systems with critical exponent','http://math.sustech.edu.cn/hall/10451.html','郭玉霞教授，清华大学数学科学系','2015-10-19','Math','科研教学服务中心703 ',
'Hardy-type Inequalities and other Related Issues','http://math.sustech.edu.cn/hall/10445.html','廖仲威博士(师从陈木法院士)，北京师范大学数学科学学院','2015-10-18','Math','科教中心703',
'Recent progress on the spectral theory of Neumann-Poincare operator and plasm on resonance','http://math.sustech.edu.cn/hall/10450.html','Prof. Hyeonbae Kang  Department of Mathematics, Inha University（讲座教授，韩国科学院院士）','2015-10-16','Math','校图书馆110报告厅',
'A new estimator for integrated volatility with microstructure noise and jumps','http://math.sustech.edu.cn/hall/10449.html','陈海强教授, 厦门大学王亚南经济研究院','2015-10-16','Math','科研教学服务中心703 ',
'Computing Highly Oscillatory Problems Faster and More Accurately','http://math.sustech.edu.cn/hall/10448.html','Prof.Qin Sheng  Department of Mathematics, Center for Astrophysics, Space Physics and Engineering Re','2015-10-15','Math','科研教学服务中心703 ',
'香港中文大学理学院介绍及统计系研究生招生概况','http://math.sustech.edu.cn/hall/10447.html','宋心远教授  香港中文大学统计系','2015-10-14','Math','一教504教室',
'A semiparametric additive rates model for multivariate recurrent events with missing event categories','http://math.sustech.edu.cn/hall/10446.html','孙六全研究员，中国科学院数学与系统科学研究院','2015-10-14','Math','科教中心703',
'"Efficient and Stable Exponential Time Differencing Runge-Kutta Methods for Phase Field "','http://math.sustech.edu.cn/hall/10444.html','Prof. Lili Ju(鞠立力)   Department of Mathematics, University of South Carolina.','2015-10-8','Math','科研教学服务中心703 ',
'A gauge optimization approach for robust principal component analysis','http://math.sustech.edu.cn/hall/165.html','杨俊锋(南京大学)','2015-9-28','Math','科教服务中心703',
'什么推动了中国房价上涨','http://math.sustech.edu.cn/hall/166.html','李仲飞(中山大学)','2015-9-25','Math','第一教学楼108',
'南科大讲堂第33期∣李尚志教授：数学爱我们','http://math.sustech.edu.cn/hall/167.html','李尚志(北京航空航天大学)','2015-9-24','Math','第一科研楼一楼报告厅',
'A superconvergent HDG method for the Incompressible Navier-Stokes Equations on general polyhedral me','http://math.sustech.edu.cn/hall/168.html','邱蔚峰(德克萨斯大学奥斯汀分校)','2015-9-16','Math','科研教学服务中心703',
'CONDITIONAL DISTANCE CORRELATION','http://math.sustech.edu.cn/hall/10443.html','王学钦教授（现为中山大学数学与计算科学学院和中山医学院双聘教授, 博士生导师，教育部优秀青年研究基金获得者，兼任中山大学华南统计科学研究中心执行主任和数学与计算科学学院院长助理。）','2015-9-16','Math','科研教学服务中心703',
'Mysterious Jupiter and the Juno spacecraft mission','http://math.sustech.edu.cn/hall/10439.html',' 张可可教授（英国埃克塞特大学讲座教授，美国地球物理联合会会员，英国皇家天文学会院士，获得英国皇家天文学会集团成就奖）','2015-7-26','Math','一教108',
'Threshold spaces for incompressible Euler equations','http://math.sustech.edu.cn/hall/10442.html','不列颠哥伦比亚大学 李栋教授','2015-7-8','Math','第二科研楼 320多功能室',
'金融数学漫谈','http://math.sustech.edu.cn/hall/10441.html','王铎教授（国务院特殊津贴获得者，北京大学金融数学系首任系主任，连续7届担任全国金融数学学科建设与学术研讨会主席）','2015-7-2','Math','一教108',
'Inferential Models: A New School of Thought on Scientific Inference for Next Generations','http://math.sustech.edu.cn/hall/10440.html','刘传海 普渡大学统计系教授','2015-6-23','Math','一教110',
'从商业谈判到优化算法','http://math.sustech.edu.cn/hall/10438.html','何炳生教授','2015-6-2','Math','一教110',
